AMOUNT,VENDOR_ID,DATE,TIME,VENDOR_NAME
28,6702161,6/20/2017,52:26.0,Jogeshwari Juice Centre
47,6692160,6/21/2017,55:03.3,Quality Sandwich
23,6682160,6/21/2017,55:22.7,M. D. B. Tea & Snacks
70,6762160,6/21/2017,50:42.3,BK Caters
24,6682160,6/21/2017,18:23.5,M. D. B. Tea & Snacks
47,6692160,6/21/2017,10:59.4,Quality Sandwich
17,6672160,6/22/2017,20:49.7,Joshi Snacks Centre
12,6682160,6/22/2017,21:32.1,M. D. B. Tea & Snacks
70,6762160,6/22/2017,48:32.2,BK Caters
8,6682160,7/3/2017,50:26.0,M. D. B. Tea & Snacks
12,6682160,7/4/2017,00:30.9,M. D. B. Tea & Snacks
34,6692160,7/4/2017,04:15.8,Quality Sandwich
53,6762160,7/4/2017,27:23.2,BK Caters
23,6682160,7/4/2017,42:42.6,M. D. B. Tea & Snacks
69,6692160,7/5/2017,32:37.0,Quality Sandwich
23,6682160,7/5/2017,35:58.3,M. D. B. Tea & Snacks
106,6762162,7/6/2017,06:52.3,BK Caters
47,6692160,7/6/2017,01:02.9,Quality Sandwich
21,6682160,7/6/2017,02:20.2,M. D. B. Tea & Snacks
35,6682160,7/6/2017,01:58.6,M. D. B. Tea & Snacks
23,6682160,7/7/2017,02:41.3,M. D. B. Tea & Snacks
47,6692160,7/7/2017,03:25.6,Quality Sandwich
70,6742160,7/7/2017,54:46.8,Yogi Hospitality
29,6682160,7/10/2017,33:24.7,M. D. B. Tea & Snacks
26,6682160,7/10/2017,33:17.8,M. D. B. Tea & Snacks
18,6672160,7/11/2017,30:00.0,Joshi Snacks Centre
23,6682160,7/11/2017,38:00.1,M. D. B. Tea & Snacks
53,6762160,7/11/2017,42:39.7,BK Caters
53,6762162,7/13/2017,05:37.9,BK Caters
15,6952160,7/14/2017,36:04.6,Pune Special
47,6692160,7/14/2017,35:21.2,Quality Sandwich
70,6742161,7/14/2017,26:56.7,Yogi Hospitality
60,6952160,7/17/2017,42:49.3,Pune Special
53,6762162,7/17/2017,09:48.7,BK Caters
23,6822160,7/20/2017,49:45.2,Sai Snacks Centre
60,6952160,7/20/2017,56:13.6,Pune Special
70,6762162,7/20/2017,06:33.6,BK Caters
15,6952160,7/20/2017,08:22.7,Pune Special
12,6682160,7/20/2017,09:07.8,M. D. B. Tea & Snacks
30,6952160,7/20/2017,25:39.2,Pune Special
60,6952160,7/21/2017,21:40.2,Pune Special
53,6762162,7/21/2017,13:55.8,BK Caters
53,6762162,7/21/2017,13:44.8,BK Caters
15,6952160,7/21/2017,44:36.8,Pune Special
15,6952160,7/21/2017,01:22.2,Pune Special
15,6952160,7/24/2017,50:57.4,Pune Special
24,6672160,7/24/2017,30:27.5,Joshi Snacks Centre
30,6952160,7/24/2017,31:09.3,Pune Special
15,6952160,7/24/2017,00:49.9,Pune Special
22,6822160,7/25/2017,34:07.7,Sai Snacks Centre
15,6952160,7/25/2017,51:37.2,Pune Special
53,6762162,7/25/2017,24:37.8,BK Caters
15,6952160,7/25/2017,28:41.6,Pune Special
24,6672160,7/25/2017,46:10.5,Joshi Snacks Centre
47,6692160,7/26/2017,01:21.8,Quality Sandwich
15,6952160,7/26/2017,31:48.8,Pune Special
45,6952160,7/28/2017,39:11.2,Pune Special
47,6692160,7/28/2017,31:45.7,Quality Sandwich
45,6952160,7/28/2017,50:23.4,Pune Special
75,6952160,7/31/2017,16:52.6,Pune Special
15,6952160,7/31/2017,31:50.8,Pune Special
90,6952160,8/1/2017,46:10.5,Pune Special
15,6952160,8/1/2017,16:26.7,Pune Special
35,6762160,8/1/2017,06:57.4,BK Caters
60,6952160,8/2/2017,38:37.4,Pune Special
53,6762162,8/3/2017,34:18.7,BK Caters
23,6822160,8/7/2017,37:11.6,Sai Snacks Centre
15,6952160,8/7/2017,59:52.1,Pune Special
29,6682160,8/7/2017,33:27.2,M. D. B. Tea & Snacks
15,6952160,8/7/2017,51:17.1,Pune Special
15,6952160,8/8/2017,21:50.3,Pune Special
12,6682162,8/8/2017,19:52.2,MDB Tea & Snacks
15,6952160,8/8/2017,19:03.5,Pune Special
12,6672160,8/9/2017,29:30.8,Joshi Snacks Centre
15,6952160,8/9/2017,29:55.3,Pune Special
15,6952160,8/9/2017,03:29.2,Pune Special
15,6952160,8/9/2017,04:52.4,Pune Special
60,6952160,8/10/2017,43:44.5,Pune Special
15,6952160,8/10/2017,48:27.2,Pune Special
15,6952160,8/10/2017,50:40.8,Pune Special
50,6952160,8/11/2017,07:50.5,Pune Special
15,6952160,8/11/2017,23:19.6,Pune Special
15,6952160,8/11/2017,46:29.1,Pune Special
15,6952160,8/11/2017,03:48.5,Pune Special
90,6952162,8/17/2017,22:51.9,Pune Special
35,6692160,8/18/2017,52:39.7,Quality Sandwich
15,6952162,8/18/2017,12:14.8,Pune Special
40,6952162,8/18/2017,43:53.5,Pune Special
15,6952162,8/18/2017,44:03.8,Pune Special
15,6952162,8/18/2017,44:09.8,Pune Special
47,6692160,8/21/2017,43:43.7,Quality Sandwich
15,6952160,8/21/2017,47:37.7,Pune Special
35,6952160,8/22/2017,54:18.8,Pune Special
53,6762162,8/22/2017,21:15.5,BK Caters
15,6952160,8/22/2017,01:57.5,Pune Special
50,6952160,8/23/2017,52:50.1,Pune Special
40,6952160,8/23/2017,08:47.7,Pune Special
45,6952160,8/24/2017,47:59.0,Pune Special
15,6952160,8/24/2017,51:31.4,Pune Special
120,6952160,8/24/2017,11:16.2,Pune Special
15,6952160,8/25/2017,22:41.3,Pune Special
35,6952160,8/25/2017,22:18.3,Pune Special
12,6682162,8/28/2017,13:42.2,MDB Tea & Snacks
115,6952162,8/28/2017,11:06.0,Pune Special
65,6952160,8/29/2017,13:58.4,Pune Special
90,6952160,8/29/2017,12:52.4,Pune Special
15,6952160,8/29/2017,43:06.9,Pune Special
30,6952160,8/29/2017,38:34.5,Pune Special
35,6952160,8/30/2017,33:15.5,Pune Special
30,6952160,8/30/2017,46:56.3,Pune Special
45,6952160,8/30/2017,48:10.6,Pune Special
22,6692160,8/31/2017,23:42.0,Quality Sandwich
12,6682162,8/31/2017,34:09.2,MDB Tea & Snacks
35,6952160,8/31/2017,51:53.3,Pune Special
90,6952162,9/1/2017,26:31.9,Pune Special
80,6952162,9/1/2017,25:35.2,Pune Special
15,6952162,9/1/2017,36:15.5,Pune Special
35,6952162,9/4/2017,15:42.7,Pune Special
15,6952162,9/4/2017,29:18.7,Pune Special
10,6772160,9/4/2017,37:26.4,SwamiRaj Icecream & Snacks
30,6702161,9/4/2017,45:06.2,Jogeshwari Juice Centre
15,6952162,9/4/2017,39:14.5,Pune Special
50,6952162,9/4/2017,35:51.7,Pune Special
15,6952162,9/6/2017,29:22.7,Pune Special
35,6952162,9/6/2017,10:28.8,Pune Special
65,6952162,9/7/2017,05:12.6,Pune Special
50,6952162,9/7/2017,39:14.4,Pune Special
15,6952162,9/7/2017,57:03.7,Pune Special
15,6952162,9/7/2017,24:19.1,Pune Special
60,6952162,9/8/2017,45:30.9,Pune Special
15,6952162,9/8/2017,12:03.4,Pune Special
20,6952162,9/8/2017,55:22.9,Pune Special
18,6682162,9/8/2017,38:31.6,MDB Tea & Snacks
45,6952162,9/8/2017,42:31.6,Pune Special
8,6672160,9/8/2017,11:55.1,Joshi Snacks Centre
65,6952162,9/11/2017,13:53.1,Pune Special
53,6762162,9/11/2017,04:54.4,BK Caters
15,6952162,9/11/2017,14:18.4,Pune Special
15,6952160,9/11/2017,23:56.4,Pune Special
20,6952160,9/11/2017,00:25.7,Pune Special
15,6952160,9/11/2017,00:42.6,Pune Special
81,6692160,9/11/2017,04:50.8,Quality Sandwich
53,6762162,9/12/2017,30:13.4,BK Caters
35,6952160,9/12/2017,54:41.7,Pune Special
59,6732162,9/12/2017,23:05.3,AJ Snacks
15,6952160,9/12/2017,06:57.4,Pune Special
15,6952162,9/13/2017,31:11.8,Pune Special
20,6952162,9/13/2017,31:04.3,Pune Special
15,6952162,9/13/2017,26:33.5,Pune Special
15,6952162,9/13/2017,43:37.9,Pune Special
15,6952162,9/14/2017,55:08.9,Pune Special
12,6682162,9/14/2017,55:26.2,MDB Tea & Snacks
15,6952160,9/15/2017,01:47.0,Pune Special
60,6952160,9/15/2017,49:02.3,Pune Special
12,6682162,9/18/2017,41:25.0,MDB Tea & Snacks
15,6952160,9/18/2017,27:48.8,Pune Special
23,6822160,9/18/2017,19:03.3,Sai Snacks Centre
53,6762160,9/18/2017,45:23.0,BK Caters
60,6952162,9/19/2017,23:13.8,Pune Special
12,6672160,9/19/2017,47:42.5,Joshi Snacks Centre
15,6952162,9/19/2017,38:16.2,Pune Special
12,6672160,9/19/2017,58:45.7,Joshi Snacks Centre
23,6682162,9/20/2017,38:35.8,MDB Tea & Snacks
50,6952160,9/20/2017,38:09.3,Pune Special
23,6822160,9/20/2017,32:38.6,Sai Snacks Centre
8,6672160,9/21/2017,51:11.4,Joshi Snacks Centre
80,6952162,9/22/2017,40:05.4,Pune Special
20,6672160,9/22/2017,53:20.4,Joshi Snacks Centre
12,6682162,9/22/2017,22:39.7,MDB Tea & Snacks
60,6702161,9/25/2017,48:01.7,Jogeshwari Juice Centre
12,6682162,9/25/2017,21:51.0,MDB Tea & Snacks
12,6682162,9/25/2017,34:47.6,MDB Tea & Snacks
47,6692160,9/25/2017,43:25.9,Quality Sandwich
12,6682162,9/25/2017,44:11.3,MDB Tea & Snacks
12,6682162,9/25/2017,59:11.3,MDB Tea & Snacks
35,6952162,9/26/2017,16:07.8,Pune Special
50,6952162,9/26/2017,12:49.1,Pune Special
12,6682160,9/26/2017,31:32.3,M. D. B. Tea & Snacks
70,6762162,9/26/2017,12:07.6,BK Caters
65,6952160,9/26/2017,15:18.4,Pune Special
12,6682160,9/26/2017,09:58.1,M. D. B. Tea & Snacks
12,6682160,9/26/2017,10:06.8,M. D. B. Tea & Snacks
34,6692160,9/26/2017,41:20.1,Quality Sandwich
12,6682160,9/27/2017,40:24.9,M. D. B. Tea & Snacks
12,6682160,9/27/2017,45:39.6,M. D. B. Tea & Snacks
80,6952162,9/27/2017,06:43.9,Pune Special
34,6692160,10/10/2017,41:19.0,Quality Sandwich
20,6772160,10/10/2017,55:46.9,SwamiRaj Icecream & Snacks
35,6692160,10/10/2017,58:04.2,Quality Sandwich
46,6682160,10/10/2017,05:14.2,M. D. B. Tea & Snacks
76,6692160,10/10/2017,31:30.9,Quality Sandwich
12,6682160,10/10/2017,42:59.8,M. D. B. Tea & Snacks
68,6692160,10/11/2017,38:40.2,Quality Sandwich
14,6672160,10/12/2017,47:18.2,Joshi Snacks Centre
46,6682160,10/12/2017,59:38.9,M. D. B. Tea & Snacks
28,6682160,10/12/2017,29:24.6,M. D. B. Tea & Snacks
8,6682162,10/12/2017,35:03.8,MDB Tea & Snacks
47,6692160,10/13/2017,44:28.2,Quality Sandwich
68,6692160,10/16/2017,36:19.7,Quality Sandwich
40,6682160,10/16/2017,50:18.8,M. D. B. Tea & Snacks
30,6702161,10/16/2017,16:03.3,Jogeshwari Juice Centre
28,6682160,10/16/2017,30:16.3,M. D. B. Tea & Snacks
28,6682160,10/16/2017,39:38.9,M. D. B. Tea & Snacks
12,6682160,10/16/2017,40:03.7,M. D. B. Tea & Snacks
23,6682160,10/17/2017,26:32.2,M. D. B. Tea & Snacks
22,6692160,10/17/2017,19:41.5,Quality Sandwich
40,6682160,10/17/2017,05:46.4,M. D. B. Tea & Snacks
12,6682160,10/17/2017,44:39.1,M. D. B. Tea & Snacks
12,6682160,10/20/2017,10:40.6,M. D. B. Tea & Snacks
28,6682160,10/20/2017,03:08.8,M. D. B. Tea & Snacks
12,6682160,10/20/2017,29:53.6,M. D. B. Tea & Snacks
8,6682160,10/20/2017,30:31.7,M. D. B. Tea & Snacks
28,6682160,10/23/2017,35:09.3,M. D. B. Tea & Snacks
12,6682160,10/23/2017,33:06.7,M. D. B. Tea & Snacks
71,6692160,10/24/2017,28:09.9,Quality Sandwich
12,6682160,10/24/2017,27:33.5,M. D. B. Tea & Snacks
60,6702161,10/24/2017,12:17.9,Jogeshwari Juice Centre
12,6682160,10/24/2017,56:57.7,M. D. B. Tea & Snacks
12,6682160,10/25/2017,41:42.4,M. D. B. Tea & Snacks
40,6682160,10/25/2017,36:02.6,M. D. B. Tea & Snacks
35,6692160,10/25/2017,29:57.2,Quality Sandwich
12,6682160,10/25/2017,27:34.4,M. D. B. Tea & Snacks
30,6702161,10/25/2017,01:49.4,Jogeshwari Juice Centre
24,6682160,10/25/2017,31:39.5,M. D. B. Tea & Snacks
47,6692160,10/26/2017,19:00.3,Quality Sandwich
12,6682160,10/26/2017,32:49.7,M. D. B. Tea & Snacks
12,6682160,10/26/2017,42:37.9,M. D. B. Tea & Snacks
35,6952160,10/26/2017,26:00.4,Pune Special
12,6682160,10/26/2017,33:40.2,M. D. B. Tea & Snacks
12,6682160,10/26/2017,34:06.5,M. D. B. Tea & Snacks
8,6682160,10/27/2017,34:50.9,M. D. B. Tea & Snacks
23,6682160,10/27/2017,33:10.7,M. D. B. Tea & Snacks
23,6822160,10/27/2017,19:22.4,Sai Snacks Centre
24,6682160,10/27/2017,19:35.3,M. D. B. Tea & Snacks
20,6682160,10/27/2017,37:00.8,M. D. B. Tea & Snacks
34,6692160,10/30/2017,09:02.6,Quality Sandwich
26,6682160,10/30/2017,13:58.2,M. D. B. Tea & Snacks
24,6682160,10/30/2017,28:34.2,M. D. B. Tea & Snacks
34,6692160,10/30/2017,57:11.6,Quality Sandwich
12,6682160,10/30/2017,08:09.3,M. D. B. Tea & Snacks
26,6682160,10/31/2017,12:58.6,M. D. B. Tea & Snacks
70,6762160,11/1/2017,15:27.2,BK Caters
35,6682160,11/1/2017,59:43.2,M. D. B. Tea & Snacks
12,6682160,11/1/2017,30:14.8,M. D. B. Tea & Snacks
12,6682160,11/1/2017,51:54.2,M. D. B. Tea & Snacks
23,6682160,11/2/2017,06:41.6,M. D. B. Tea & Snacks
47,6692160,11/2/2017,05:56.1,Quality Sandwich
70,6762162,11/2/2017,02:00.7,BK Caters
12,6682160,11/2/2017,56:31.7,M. D. B. Tea & Snacks
24,6682160,11/2/2017,58:02.1,M. D. B. Tea & Snacks
23,6682160,11/3/2017,10:35.2,M. D. B. Tea & Snacks
70,6762160,11/3/2017,56:40.4,BK Caters
12,6682160,11/6/2017,43:13.3,M. D. B. Tea & Snacks
23,6682160,11/6/2017,35:39.9,M. D. B. Tea & Snacks
12,6682160,11/6/2017,31:34.2,M. D. B. Tea & Snacks
47,6692160,11/6/2017,46:04.2,Quality Sandwich
12,6682160,11/6/2017,03:59.3,M. D. B. Tea & Snacks
12,6682160,11/7/2017,37:09.9,M. D. B. Tea & Snacks
25,7352161,11/7/2017,28:15.9,Sai Samarth
12,6682160,11/7/2017,13:11.3,M. D. B. Tea & Snacks
14,6682160,11/7/2017,40:07.4,M. D. B. Tea & Snacks
20,6682160,11/7/2017,40:28.7,M. D. B. Tea & Snacks
12,6672160,11/7/2017,48:19.6,Joshi Snacks Centre
12,6682160,11/7/2017,55:19.4,M. D. B. Tea & Snacks
47,6692160,11/8/2017,47:08.9,Quality Sandwich
35,6682160,11/8/2017,55:42.5,M. D. B. Tea & Snacks
34,6692160,11/8/2017,24:49.7,Quality Sandwich
12,6682160,11/8/2017,37:58.8,M. D. B. Tea & Snacks
23,6682160,11/8/2017,43:44.7,M. D. B. Tea & Snacks
47,6692160,11/9/2017,12:06.8,Quality Sandwich
30,6672160,11/9/2017,51:01.4,Joshi Snacks Centre
26,6682160,11/9/2017,01:07.4,M. D. B. Tea & Snacks
14,6682160,11/9/2017,06:36.6,M. D. B. Tea & Snacks
23,6682160,11/10/2017,08:56.0,M. D. B. Tea & Snacks
22,6692160,11/10/2017,12:14.3,Quality Sandwich
70,6762160,11/10/2017,32:55.8,BK Caters
15,6952160,11/10/2017,34:33.4,Pune Special
35,6682160,11/10/2017,33:39.9,M. D. B. Tea & Snacks
12,6682160,11/10/2017,16:18.7,M. D. B. Tea & Snacks
24,6692160,11/13/2017,23:43.5,Quality Sandwich
23,6682160,11/13/2017,24:10.6,M. D. B. Tea & Snacks
12,6682160,11/13/2017,23:07.4,M. D. B. Tea & Snacks
12,6682160,11/13/2017,20:16.4,M. D. B. Tea & Snacks
12,6682160,11/13/2017,18:24.7,M. D. B. Tea & Snacks
47,6692160,11/13/2017,44:57.2,Quality Sandwich
23,6682160,11/13/2017,46:21.4,M. D. B. Tea & Snacks
58,6692160,11/14/2017,35:43.7,Quality Sandwich
12,6682160,11/14/2017,37:45.5,M. D. B. Tea & Snacks
40,6772160,11/14/2017,47:26.6,SwamiRaj Icecream & Snacks
70,6762162,11/14/2017,17:24.9,BK Caters
12,6682160,11/14/2017,06:29.8,M. D. B. Tea & Snacks
12,6682160,11/14/2017,16:54.8,M. D. B. Tea & Snacks
34,6692160,11/14/2017,06:21.1,Quality Sandwich
12,6682160,11/14/2017,44:18.0,M. D. B. Tea & Snacks
23,6682160,11/15/2017,39:03.3,M. D. B. Tea & Snacks
35,6692160,11/15/2017,39:20.3,Quality Sandwich
23,6682160,11/15/2017,45:45.6,M. D. B. Tea & Snacks
70,6762162,11/15/2017,15:17.8,BK Caters
12,6682160,11/15/2017,03:53.1,M. D. B. Tea & Snacks
25,6772160,11/15/2017,04:57.8,SwamiRaj Icecream & Snacks
12,6682160,11/16/2017,04:11.8,M. D. B. Tea & Snacks
24,6692160,11/16/2017,42:14.1,Quality Sandwich
23,6682160,11/16/2017,33:53.4,M. D. B. Tea & Snacks
34,6692160,11/16/2017,33:10.4,Quality Sandwich
20,6772160,11/16/2017,27:50.6,SwamiRaj Icecream & Snacks
47,6692160,11/16/2017,41:55.9,Quality Sandwich
12,6682160,11/16/2017,42:20.7,M. D. B. Tea & Snacks
12,6682160,11/16/2017,40:59.3,M. D. B. Tea & Snacks
24,6672160,11/16/2017,42:12.8,Joshi Snacks Centre
12,6682160,11/17/2017,07:21.6,M. D. B. Tea & Snacks
36,6692160,11/17/2017,53:49.1,Quality Sandwich
35,6682160,11/17/2017,17:08.4,M. D. B. Tea & Snacks
35,6952162,11/17/2017,57:48.9,Pune Special
12,6682160,11/17/2017,08:36.9,M. D. B. Tea & Snacks
23,6682160,11/20/2017,59:12.3,M. D. B. Tea & Snacks
24,6692160,11/20/2017,51:21.2,Quality Sandwich
47,6692160,11/20/2017,22:08.7,Quality Sandwich
23,6682160,11/20/2017,49:36.7,M. D. B. Tea & Snacks
8,6682160,11/20/2017,04:56.6,M. D. B. Tea & Snacks
23,6682160,11/21/2017,04:11.3,M. D. B. Tea & Snacks
47,6692160,11/21/2017,07:25.5,Quality Sandwich
34,6692160,11/21/2017,22:17.8,Quality Sandwich
12,6682160,11/21/2017,23:57.9,M. D. B. Tea & Snacks
22,6692160,11/21/2017,59:29.9,Quality Sandwich
12,6682160,11/21/2017,59:51.3,M. D. B. Tea & Snacks
25,7352161,11/22/2017,27:56.5,Sai Samarth
24,6692160,11/22/2017,34:38.2,Quality Sandwich
100,6952160,11/22/2017,39:23.8,Pune Special
15,7352161,11/23/2017,42:52.7,Sai Samarth
24,6692160,11/23/2017,51:59.6,Quality Sandwich
23,6682160,11/23/2017,58:28.5,M. D. B. Tea & Snacks
47,6692160,11/23/2017,32:58.5,Quality Sandwich
37,6682160,11/23/2017,47:03.3,M. D. B. Tea & Snacks
24,6682160,11/23/2017,18:06.7,M. D. B. Tea & Snacks
45,6952160,11/24/2017,08:19.3,Pune Special
23,6682160,11/24/2017,23:48.1,M. D. B. Tea & Snacks
14,6682160,11/24/2017,27:21.8,M. D. B. Tea & Snacks
12,6682160,11/24/2017,22:28.5,M. D. B. Tea & Snacks
59,6692160,11/27/2017,55:19.8,Quality Sandwich
23,6682160,11/27/2017,59:22.2,M. D. B. Tea & Snacks
45,6952160,11/27/2017,05:56.3,Pune Special
23,6682160,11/27/2017,08:15.2,M. D. B. Tea & Snacks
24,6822160,11/28/2017,04:06.6,Sai Snacks Centre
45,6952160,11/28/2017,08:07.4,Pune Special
46,6682160,11/28/2017,40:09.3,M. D. B. Tea & Snacks
40,6772160,11/28/2017,41:50.5,SwamiRaj Icecream & Snacks
12,6682160,11/28/2017,03:58.1,M. D. B. Tea & Snacks
47,6692160,11/29/2017,10:13.6,Quality Sandwich
23,6682160,11/29/2017,10:24.2,M. D. B. Tea & Snacks
24,6692160,11/29/2017,20:38.7,Quality Sandwich
12,6682160,11/29/2017,24:24.9,M. D. B. Tea & Snacks
12,6682160,11/29/2017,07:55.9,M. D. B. Tea & Snacks
12,6682160,11/29/2017,09:25.4,M. D. B. Tea & Snacks
24,6692160,11/30/2017,33:33.2,Quality Sandwich
25,7352161,11/30/2017,40:16.7,Sai Samarth
25,7352161,11/30/2017,40:49.9,Sai Samarth
23,6682160,11/30/2017,49:11.8,M. D. B. Tea & Snacks
23,6682160,11/30/2017,21:44.4,M. D. B. Tea & Snacks
12,6682160,11/30/2017,48:58.6,M. D. B. Tea & Snacks
24,6682162,11/30/2017,26:25.2,MDB Tea & Snacks
15,7352161,12/1/2017,25:42.8,Sai Samarth
24,6692160,12/1/2017,25:28.0,Quality Sandwich
23,6682160,12/1/2017,26:11.5,M. D. B. Tea & Snacks
24,6682160,12/1/2017,22:41.8,M. D. B. Tea & Snacks
25,7352161,12/4/2017,31:45.5,Sai Samarth
23,6682160,12/4/2017,38:23.3,M. D. B. Tea & Snacks
8,6682160,12/4/2017,38:26.8,M. D. B. Tea & Snacks
23,6682160,12/4/2017,56:03.2,M. D. B. Tea & Snacks
70,6762160,12/4/2017,15:26.2,BK Caters
29,6692160,12/4/2017,58:04.8,Quality Sandwich
35,6682160,12/4/2017,11:06.2,M. D. B. Tea & Snacks
23,6682160,12/5/2017,09:55.1,M. D. B. Tea & Snacks
35,6952160,12/5/2017,08:20.6,Pune Special
50,6952162,12/5/2017,30:24.5,Pune Special
12,6682160,12/5/2017,02:16.2,M. D. B. Tea & Snacks
16,6952160,12/5/2017,48:28.0,Pune Special
25,6772160,12/5/2017,57:25.4,SwamiRaj Icecream & Snacks
12,6682160,12/6/2017,45:02.9,M. D. B. Tea & Snacks
30,6702161,12/6/2017,44:30.3,Jogeshwari Juice Centre
25,7352161,12/6/2017,35:58.0,Sai Samarth
8,6952160,12/6/2017,10:54.9,Pune Special
50,6952160,12/6/2017,01:36.2,Pune Special
8,6952160,12/6/2017,13:40.2,Pune Special
15,6952160,12/6/2017,01:22.4,Pune Special
53,6762160,12/7/2017,05:56.2,BK Caters
12,6682160,12/7/2017,23:42.7,M. D. B. Tea & Snacks
15,6952160,12/7/2017,37:16.4,Pune Special
12,6682160,12/7/2017,30:45.7,M. D. B. Tea & Snacks
70,6762160,12/8/2017,12:48.1,BK Caters
23,6682160,12/8/2017,31:29.4,M. D. B. Tea & Snacks
24,6682160,12/8/2017,25:50.4,M. D. B. Tea & Snacks
70,6762162,12/11/2017,33:49.6,BK Caters
23,6682160,12/11/2017,26:08.3,M. D. B. Tea & Snacks
34,6692160,12/12/2017,32:36.7,Quality Sandwich
23,6682160,12/12/2017,48:11.3,M. D. B. Tea & Snacks
24,6822160,12/12/2017,11:44.8,Sai Snacks Centre
6,6822160,12/12/2017,13:10.9,Sai Snacks Centre
60,6682162,12/12/2017,24:35.4,MDB Tea & Snacks
12,6682162,12/12/2017,40:12.2,MDB Tea & Snacks
34,6692160,12/13/2017,50:58.7,Quality Sandwich
23,6682160,12/13/2017,51:17.3,M. D. B. Tea & Snacks
23,6682160,12/13/2017,42:12.4,M. D. B. Tea & Snacks
23,6682160,12/13/2017,19:21.5,M. D. B. Tea & Snacks
47,6692160,12/13/2017,22:55.7,Quality Sandwich
23,6682160,12/14/2017,34:45.6,M. D. B. Tea & Snacks
55,6952160,12/14/2017,35:47.6,Pune Special
55,6952160,12/14/2017,18:29.6,Pune Special
35,6682160,12/14/2017,21:00.9,M. D. B. Tea & Snacks
14,6682160,12/15/2017,16:03.7,M. D. B. Tea & Snacks
59,6732162,12/15/2017,38:28.3,AJ Snacks
24,6682162,12/15/2017,44:50.7,MDB Tea & Snacks
12,6682160,12/15/2017,49:39.4,M. D. B. Tea & Snacks
35,6682160,12/18/2017,10:42.7,M. D. B. Tea & Snacks
24,6692160,12/18/2017,11:35.9,Quality Sandwich
45,6772160,12/18/2017,27:46.6,SwamiRaj Icecream & Snacks
23,6682160,12/18/2017,29:18.5,M. D. B. Tea & Snacks
15,6772160,12/19/2017,03:56.3,SwamiRaj Icecream & Snacks
24,6692160,12/19/2017,55:31.2,Quality Sandwich
23,6682160,12/19/2017,55:39.6,M. D. B. Tea & Snacks
12,6682160,12/19/2017,48:55.7,M. D. B. Tea & Snacks
15,7352161,12/19/2017,46:09.9,Sai Samarth
46,6682160,12/20/2017,23:24.6,M. D. B. Tea & Snacks
28,6682160,12/20/2017,30:07.9,M. D. B. Tea & Snacks
23,6682160,12/21/2017,36:47.4,M. D. B. Tea & Snacks
12,6692160,12/21/2017,36:36.8,Quality Sandwich
25,7352161,12/21/2017,26:24.7,Sai Samarth
12,6692160,12/22/2017,33:47.4,Quality Sandwich
12,6682160,12/22/2017,31:55.7,M. D. B. Tea & Snacks
20,6772160,12/22/2017,31:37.2,SwamiRaj Icecream & Snacks
22,6682160,12/22/2017,18:19.6,M. D. B. Tea & Snacks
23,6682160,12/26/2017,28:58.5,M. D. B. Tea & Snacks
24,6672160,12/26/2017,30:03.7,Joshi Snacks Centre
34,6692160,12/26/2017,32:46.3,Quality Sandwich
25,6772160,12/26/2017,42:21.6,SwamiRaj Icecream & Snacks
35,6702161,12/26/2017,35:17.6,Jogeshwari Juice Centre
25,6702161,12/27/2017,42:18.9,Jogeshwari Juice Centre
34,6692160,12/27/2017,37:07.7,Quality Sandwich
70,6702161,12/27/2017,30:55.6,Jogeshwari Juice Centre
12,6672160,12/27/2017,31:53.7,Joshi Snacks Centre
12,6672160,12/27/2017,36:40.1,Joshi Snacks Centre
28,6682162,12/27/2017,02:14.2,MDB Tea & Snacks
15,6772160,12/28/2017,30:41.5,SwamiRaj Icecream & Snacks
37,6682160,12/28/2017,13:58.5,M. D. B. Tea & Snacks
25,7352161,12/28/2017,06:19.8,Sai Samarth
8,6682160,12/28/2017,49:27.2,M. D. B. Tea & Snacks
47,6692160,12/28/2017,50:43.8,Quality Sandwich
47,6692160,12/29/2017,17:18.6,Quality Sandwich
23,6682160,12/29/2017,20:10.6,M. D. B. Tea & Snacks
54,6702161,12/29/2017,59:08.3,Jogeshwari Juice Centre
23,6682160,1/2/2018,30:02.7,M. D. B. Tea & Snacks
30,6702161,1/2/2018,14:47.4,Jogeshwari Juice Centre
35,6682162,1/2/2018,25:38.8,MDB Tea & Snacks
24,6682162,1/2/2018,33:12.4,MDB Tea & Snacks
70,6762160,1/3/2018,04:32.1,BK Caters
23,6682160,1/3/2018,42:06.5,M. D. B. Tea & Snacks
15,6952160,1/3/2018,06:15.4,Pune Special
15,7352161,1/4/2018,47:08.6,Sai Samarth
24,6692160,1/4/2018,48:26.6,Quality Sandwich
23,6682160,1/4/2018,57:09.6,M. D. B. Tea & Snacks
47,6682162,1/4/2018,41:21.2,MDB Tea & Snacks
24,6692160,1/5/2018,35:11.8,Quality Sandwich
60,6702161,1/5/2018,41:39.1,Jogeshwari Juice Centre
59,6682162,1/5/2018,44:26.4,MDB Tea & Snacks
12,6682160,1/5/2018,17:52.6,M. D. B. Tea & Snacks
37,7512160,1/8/2018,50:05.4,Foodie
60,6702161,1/8/2018,00:31.6,Jogeshwari Juice Centre
23,6682160,1/8/2018,58:14.4,M. D. B. Tea & Snacks
24,6692160,1/9/2018,47:18.7,Quality Sandwich
30,6702161,1/9/2018,47:53.3,Jogeshwari Juice Centre
59,6762160,1/9/2018,05:05.9,BK Caters
23,6682160,1/9/2018,31:21.3,M. D. B. Tea & Snacks
47,6692160,1/9/2018,42:11.5,Quality Sandwich
24,6692160,1/10/2018,58:26.8,Quality Sandwich
23,6682160,1/10/2018,57:15.3,M. D. B. Tea & Snacks
80,6952162,1/10/2018,13:02.1,Pune Special
30,6702161,1/10/2018,28:52.6,Jogeshwari Juice Centre
43,6682162,1/10/2018,43:03.4,MDB Tea & Snacks
23,6682160,1/10/2018,22:31.6,M. D. B. Tea & Snacks
70,6682162,1/11/2018,28:25.5,MDB Tea & Snacks
12,6682160,1/11/2018,53:15.5,M. D. B. Tea & Snacks
35,6692160,1/11/2018,16:25.2,Quality Sandwich
25,6772160,1/11/2018,17:22.7,SwamiRaj Icecream & Snacks
12,6682160,1/11/2018,32:37.8,M. D. B. Tea & Snacks
23,6952160,1/11/2018,44:00.8,Pune Special
35,6692160,1/12/2018,06:28.7,Quality Sandwich
30,6702161,1/12/2018,10:42.4,Jogeshwari Juice Centre
70,6762160,1/12/2018,04:53.9,BK Caters
53,6762160,1/15/2018,30:30.2,BK Caters
23,6682160,1/15/2018,57:02.7,M. D. B. Tea & Snacks
30,6702160,1/15/2018,26:15.9,Jogeshwari Juice Centre
30,6702160,1/15/2018,26:37.7,Jogeshwari Juice Centre
42,6682162,1/15/2018,56:21.4,MDB Tea & Snacks
30,6702160,1/17/2018,11:08.9,Jogeshwari Juice Centre
30,6702160,1/17/2018,16:28.2,Jogeshwari Juice Centre
53,6762160,1/17/2018,10:03.9,BK Caters
15,6772160,1/17/2018,32:47.4,SwamiRaj Icecream & Snacks
30,6702160,1/17/2018,10:59.9,Jogeshwari Juice Centre
30,6702160,1/17/2018,24:00.0,Jogeshwari Juice Centre
34,6692160,1/22/2018,21:03.3,Quality Sandwich
24,6692160,1/22/2018,55:53.3,Quality Sandwich
23,6682160,1/22/2018,56:10.3,M. D. B. Tea & Snacks
23,6682160,1/22/2018,26:40.5,M. D. B. Tea & Snacks
20,6772160,1/22/2018,28:45.5,SwamiRaj Icecream & Snacks
23,6682160,1/23/2018,31:34.5,M. D. B. Tea & Snacks
35,6772160,1/23/2018,33:23.9,SwamiRaj Icecream & Snacks
30,6702160,1/23/2018,06:17.4,Jogeshwari Juice Centre
23,6682160,1/23/2018,02:43.2,M. D. B. Tea & Snacks
35,6952160,1/23/2018,19:04.9,Pune Special
40,6952160,1/23/2018,18:38.6,Pune Special
70,6762162,1/24/2018,21:17.4,BK Caters
23,6682160,1/24/2018,49:18.6,M. D. B. Tea & Snacks
30,6702160,1/25/2018,50:41.7,Jogeshwari Juice Centre
24,6692160,1/25/2018,45:46.8,Quality Sandwich
12,6682160,1/25/2018,39:27.6,M. D. B. Tea & Snacks
40,6952160,1/29/2018,28:19.8,Pune Special
35,6682160,1/29/2018,28:43.7,M. D. B. Tea & Snacks
14,6672160,1/29/2018,17:24.1,Joshi Snacks Centre
60,6952160,1/29/2018,22:29.7,Pune Special
23,6682160,1/30/2018,01:53.2,M. D. B. Tea & Snacks
70,6762162,1/31/2018,58:13.6,BK Caters
26,6672160,1/31/2018,26:23.8,Joshi Snacks Centre
23,6682160,2/1/2018,03:27.2,M. D. B. Tea & Snacks
12,6682160,2/1/2018,01:14.6,M. D. B. Tea & Snacks
60,6952162,2/5/2018,59:29.8,Pune Special
30,6702160,2/5/2018,11:12.5,Jogeshwari Juice Centre
12,6682160,2/5/2018,21:08.7,M. D. B. Tea & Snacks
24,6682160,2/5/2018,21:15.0,M. D. B. Tea & Snacks
8,6952160,2/5/2018,33:07.6,Pune Special
29,6692160,2/5/2018,39:34.6,Quality Sandwich
14,6682160,2/5/2018,47:43.4,M. D. B. Tea & Snacks
12,6682160,2/5/2018,47:50.3,M. D. B. Tea & Snacks
47,6692160,2/6/2018,16:23.5,Quality Sandwich
23,6682160,2/6/2018,20:41.7,M. D. B. Tea & Snacks
23,6682160,2/6/2018,37:33.7,M. D. B. Tea & Snacks
30,6772160,2/6/2018,05:06.6,SwamiRaj Icecream & Snacks
86,6682162,2/6/2018,59:58.4,MDB Tea & Snacks
35,6682162,2/6/2018,17:05.4,MDB Tea & Snacks
50,6952160,2/7/2018,58:33.4,Pune Special
15,6952160,2/7/2018,22:21.9,Pune Special
28,6682160,2/7/2018,11:48.7,M. D. B. Tea & Snacks
91,6692160,2/7/2018,16:34.4,Quality Sandwich
16,6682160,2/7/2018,25:11.5,M. D. B. Tea & Snacks
12,6682162,2/7/2018,08:23.5,MDB Tea & Snacks
23,6682160,2/8/2018,28:56.6,M. D. B. Tea & Snacks
20,6672160,2/8/2018,23:28.3,Joshi Snacks Centre
47,6692160,2/9/2018,08:40.7,Quality Sandwich
23,6682160,2/9/2018,20:45.6,M. D. B. Tea & Snacks
65,6772160,2/9/2018,48:56.4,SwamiRaj Icecream & Snacks
23,6682160,2/9/2018,49:22.4,M. D. B. Tea & Snacks
25,7352161,2/12/2018,27:37.1,Sai Samarth
12,6682160,2/12/2018,35:03.7,M. D. B. Tea & Snacks
20,6672160,2/12/2018,36:21.7,Joshi Snacks Centre
23,6682160,2/12/2018,37:19.9,M. D. B. Tea & Snacks
44,6692160,2/13/2018,13:54.8,Quality Sandwich
28,6682160,2/13/2018,27:17.3,M. D. B. Tea & Snacks
47,6692160,2/14/2018,12:35.0,Quality Sandwich
46,6682160,2/14/2018,12:46.6,M. D. B. Tea & Snacks
32,6682160,2/15/2018,59:20.2,M. D. B. Tea & Snacks
15,6952160,2/15/2018,16:23.8,Pune Special
22,6672160,2/15/2018,57:52.3,Joshi Snacks Centre
47,6692160,2/16/2018,39:10.5,Quality Sandwich
23,6682160,2/16/2018,40:45.9,M. D. B. Tea & Snacks
40,6772160,2/16/2018,00:40.3,SwamiRaj Icecream & Snacks
25,6682160,2/16/2018,28:49.6,M. D. B. Tea & Snacks
8,6672160,2/16/2018,51:47.7,Joshi Snacks Centre
23,6682160,2/19/2018,18:09.9,M. D. B. Tea & Snacks
24,6682160,2/19/2018,03:23.9,M. D. B. Tea & Snacks
50,6952160,2/19/2018,17:51.0,Pune Special
8,6682160,2/19/2018,34:10.5,M. D. B. Tea & Snacks
10,6952160,2/19/2018,34:28.5,Pune Special
23,6682160,2/19/2018,11:59.7,M. D. B. Tea & Snacks
12,6682160,2/20/2018,20:22.3,M. D. B. Tea & Snacks
47,6692160,2/20/2018,24:38.1,Quality Sandwich
24,6682160,2/20/2018,40:56.7,M. D. B. Tea & Snacks
30,6952160,2/20/2018,48:18.2,Pune Special
8,6682160,2/20/2018,07:25.4,M. D. B. Tea & Snacks
40,6682160,2/20/2018,57:31.0,M. D. B. Tea & Snacks
23,6682160,2/21/2018,32:02.2,M. D. B. Tea & Snacks
24,6682160,2/21/2018,07:00.6,M. D. B. Tea & Snacks
40,6692160,2/21/2018,46:37.2,Quality Sandwich
12,6682160,2/22/2018,09:33.2,M. D. B. Tea & Snacks
24,6692160,2/22/2018,10:09.7,Quality Sandwich
16,6682160,2/22/2018,04:14.7,M. D. B. Tea & Snacks
24,6692160,2/23/2018,47:12.1,Quality Sandwich
12,6682160,2/23/2018,47:45.1,M. D. B. Tea & Snacks
8,6682160,2/23/2018,44:57.5,M. D. B. Tea & Snacks
8,6682160,2/23/2018,35:10.6,M. D. B. Tea & Snacks
46,6682162,2/23/2018,38:18.2,MDB Tea & Snacks
23,6682160,2/26/2018,19:45.4,M. D. B. Tea & Snacks
24,6692160,2/26/2018,06:16.5,Quality Sandwich
12,6682160,2/26/2018,06:00.7,M. D. B. Tea & Snacks
15,6952162,2/26/2018,18:09.7,Pune Special
23,6682160,2/26/2018,30:39.7,M. D. B. Tea & Snacks
47,6692160,2/26/2018,11:53.3,Quality Sandwich
12,6702160,2/26/2018,13:41.0,Jogeshwari Juice Centre
24,6692160,2/27/2018,18:43.5,Quality Sandwich
23,6682160,2/27/2018,19:56.6,M. D. B. Tea & Snacks
12,6682160,2/27/2018,50:16.9,M. D. B. Tea & Snacks
29,6692160,2/27/2018,52:30.8,Quality Sandwich
23,6682160,2/27/2018,03:48.2,M. D. B. Tea & Snacks
47,6692160,2/27/2018,57:37.8,Quality Sandwich
12,6682160,2/27/2018,00:18.9,M. D. B. Tea & Snacks
23,6682160,2/28/2018,46:24.7,M. D. B. Tea & Snacks
58,6692160,2/28/2018,46:41.8,Quality Sandwich
8,6672160,2/28/2018,43:33.4,Joshi Snacks Centre
40,6952160,2/28/2018,48:04.8,Pune Special
20,6702160,2/28/2018,31:24.0,Jogeshwari Juice Centre
24,6672160,2/28/2018,41:52.6,Joshi Snacks Centre
12,6682160,2/28/2018,42:48.2,M. D. B. Tea & Snacks
12,6682160,3/1/2018,34:17.2,M. D. B. Tea & Snacks
24,6682160,3/1/2018,31:01.4,M. D. B. Tea & Snacks
12,6682160,3/5/2018,23:55.3,M. D. B. Tea & Snacks
16,6682162,3/5/2018,39:53.1,MDB Tea & Snacks
44,6692160,3/5/2018,23:50.5,Quality Sandwich
12,6682160,3/5/2018,24:55.8,M. D. B. Tea & Snacks
43,6682162,3/5/2018,58:05.8,MDB Tea & Snacks
47,6692160,3/6/2018,31:13.9,Quality Sandwich
23,6682160,3/6/2018,31:01.1,M. D. B. Tea & Snacks
12,6682160,3/6/2018,08:29.5,M. D. B. Tea & Snacks
47,6692160,3/8/2018,11:46.6,Quality Sandwich
23,6682160,3/8/2018,14:49.7,M. D. B. Tea & Snacks
16,6682160,3/8/2018,00:18.0,M. D. B. Tea & Snacks
12,6682160,3/8/2018,18:50.3,M. D. B. Tea & Snacks
28,6672160,3/8/2018,25:47.9,Joshi Snacks Centre
23,6682160,3/9/2018,03:54.3,M. D. B. Tea & Snacks
24,6682160,3/9/2018,05:45.9,M. D. B. Tea & Snacks
32.94,6702160,3/12/2018,22:52.2,Jogeshwari Juice Centre
48.93,6692160,3/12/2018,30:05.5,Quality Sandwich
12.23,6682160,3/12/2018,15:34.5,M. D. B. Tea & Snacks
26.36,6682160,3/12/2018,00:50.2,M. D. B. Tea & Snacks
13.18,6682160,3/13/2018,25:50.7,M. D. B. Tea & Snacks
13.18,6672160,3/14/2018,36:02.9,Joshi Snacks Centre
37.36,6692160,3/15/2018,24:43.0,Quality Sandwich
32.94,6702160,3/15/2018,20:46.7,Jogeshwari Juice Centre
13.18,6682160,3/15/2018,09:28.6,M. D. B. Tea & Snacks
26.36,6682160,3/15/2018,34:36.7,M. D. B. Tea & Snacks
20,6672160,3/15/2018,30:19.0,Joshi Snacks Centre
27.84,7352161,3/16/2018,49:08.6,Sai Samarth
9.79,6682160,3/16/2018,55:50.7,M. D. B. Tea & Snacks
27.84,7352161,3/16/2018,56:18.8,Sai Samarth
25.27,6682160,3/16/2018,28:16.9,M. D. B. Tea & Snacks
30,6772160,3/19/2018,47:06.9,SwamiRaj Icecream & Snacks
13.18,6682160,3/19/2018,42:50.3,M. D. B. Tea & Snacks
85.63,6722160,3/19/2018,07:42.6,Amar Paratha
19.58,6682160,3/19/2018,12:14.7,M. D. B. Tea & Snacks
13.18,6682160,3/19/2018,11:14.9,M. D. B. Tea & Snacks
76.91,6682160,3/20/2018,34:11.2,M. D. B. Tea & Snacks
24.46,6692160,3/20/2018,34:43.3,Quality Sandwich
9.79,6682160,3/20/2018,26:29.6,M. D. B. Tea & Snacks
40.38,6672160,3/20/2018,55:23.9,Joshi Snacks Centre
25.27,6682160,3/21/2018,16:34.7,M. D. B. Tea & Snacks
25.27,6682160,3/21/2018,57:08.3,M. D. B. Tea & Snacks
12.23,6682160,3/22/2018,55:59.5,M. D. B. Tea & Snacks
85,6772160,3/22/2018,03:13.1,SwamiRaj Icecream & Snacks
25.27,6682160,3/22/2018,54:42.3,M. D. B. Tea & Snacks
36.15,6682160,3/22/2018,24:32.3,M. D. B. Tea & Snacks
38.45,6682160,3/23/2018,43:29.3,M. D. B. Tea & Snacks
13.18,6682160,3/23/2018,14:16.8,M. D. B. Tea & Snacks
25.27,6682160,3/26/2018,38:12.0,M. D. B. Tea & Snacks
40,6772160,3/26/2018,40:10.7,SwamiRaj Icecream & Snacks
25.27,6682160,3/26/2018,52:02.2,M. D. B. Tea & Snacks
50.54,6682160,3/26/2018,50:46.5,M. D. B. Tea & Snacks
48.93,6692160,3/27/2018,06:58.6,Quality Sandwich
50.54,6682160,3/27/2018,34:21.5,M. D. B. Tea & Snacks
12.23,6692160,3/27/2018,34:33.9,Quality Sandwich
73.4,6952160,3/28/2018,51:41.7,Pune Special
24.46,6692160,4/16/2018,05:05.2,Quality Sandwich
24.47,6682160,4/16/2018,56:35.3,M. D. B. Tea & Snacks
26.36,6682160,4/16/2018,58:23.6,M. D. B. Tea & Snacks
24.47,6682160,4/16/2018,47:12.2,M. D. B. Tea & Snacks
13.18,6682162,4/16/2018,06:50.5,MDB Tea & Snacks
36.28,6682162,4/16/2018,22:40.7,MDB Tea & Snacks
13.18,6682162,4/16/2018,28:17.7,MDB Tea & Snacks
25.27,6682160,4/17/2018,11:00.2,M. D. B. Tea & Snacks
13.18,6682160,4/17/2018,00:33.7,M. D. B. Tea & Snacks
25,6772160,4/17/2018,01:03.4,SwamiRaj Icecream & Snacks
9.79,6682160,4/17/2018,16:25.3,M. D. B. Tea & Snacks
13.18,6682162,4/17/2018,49:12.7,MDB Tea & Snacks
25.41,6682160,4/17/2018,26:17.9,M. D. B. Tea & Snacks
24.46,6682160,4/18/2018,31:22.5,M. D. B. Tea & Snacks
38.45,6682160,4/18/2018,00:00.6,M. D. B. Tea & Snacks
37.65,6682160,4/18/2018,22:18.6,M. D. B. Tea & Snacks
36.71,6672160,4/18/2018,39:17.9,Joshi Snacks Centre
25.27,6682160,4/19/2018,07:32.5,M. D. B. Tea & Snacks
38.45,6682160,4/20/2018,29:30.6,M. D. B. Tea & Snacks
24.46,6692160,4/20/2018,30:46.4,Quality Sandwich
51.11,6672160,4/20/2018,16:01.0,Joshi Snacks Centre
30.58,6702160,4/23/2018,09:49.7,Jogeshwari Juice Centre
30.31,6682160,4/23/2018,13:51.4,M. D. B. Tea & Snacks
51.38,6692160,4/23/2018,18:30.7,Quality Sandwich
13.18,6682160,4/23/2018,43:36.7,M. D. B. Tea & Snacks
25,6772160,4/24/2018,42:11.5,SwamiRaj Icecream & Snacks
24.46,6692160,4/24/2018,34:08.9,Quality Sandwich
24.46,6682160,4/24/2018,30:58.1,M. D. B. Tea & Snacks
13.18,6682160,4/24/2018,23:52.9,M. D. B. Tea & Snacks
57.02,6682162,4/24/2018,30:41.5,MDB Tea & Snacks
39.54,6682160,4/24/2018,59:53.8,M. D. B. Tea & Snacks
25.27,6682160,4/25/2018,03:04.8,M. D. B. Tea & Snacks
51.64,6682162,4/25/2018,16:58.1,MDB Tea & Snacks
30.58,6702160,4/25/2018,20:37.2,Jogeshwari Juice Centre
74.23,6952160,4/25/2018,21:13.7,Pune Special
25.27,6682160,4/25/2018,27:26.6,M. D. B. Tea & Snacks
25.27,6682160,4/26/2018,11:07.4,M. D. B. Tea & Snacks
57.02,6682162,4/26/2018,46:42.4,MDB Tea & Snacks
9.79,6682160,4/26/2018,16:51.2,M. D. B. Tea & Snacks
25.27,6682160,4/27/2018,23:58.4,M. D. B. Tea & Snacks
54.77,6682162,4/27/2018,22:22.1,MDB Tea & Snacks
25.27,6682160,5/2/2018,23:27.4,M. D. B. Tea & Snacks
24.47,6672160,5/3/2018,02:39.0,Joshi Snacks Centre
25.27,6682160,5/3/2018,09:27.3,M. D. B. Tea & Snacks
65.88,6702160,5/3/2018,47:19.2,Jogeshwari Juice Centre
36.28,6682162,5/3/2018,00:33.1,MDB Tea & Snacks
25.27,6682160,5/4/2018,42:27.4,M. D. B. Tea & Snacks
74.23,6952160,5/4/2018,33:39.3,Pune Special
9.79,6682160,5/4/2018,20:39.3,M. D. B. Tea & Snacks
24.47,6682160,5/7/2018,21:04.7,M. D. B. Tea & Snacks
51.38,6692160,5/7/2018,13:15.6,Quality Sandwich
65.79,6682162,5/7/2018,04:12.5,MDB Tea & Snacks
24.47,6672160,5/8/2018,00:41.8,Joshi Snacks Centre
48.24,6682160,5/8/2018,07:38.9,M. D. B. Tea & Snacks
85.63,6722160,5/8/2018,24:26.2,Amar Paratha
13.18,6682162,5/8/2018,47:47.8,MDB Tea & Snacks
13.18,6682162,5/8/2018,58:10.4,MDB Tea & Snacks
9.79,6682160,5/8/2018,11:44.1,M. D. B. Tea & Snacks
25.27,6682160,5/11/2018,45:53.3,M. D. B. Tea & Snacks
24.46,6682160,5/14/2018,09:32.0,M. D. B. Tea & Snacks
24.47,6672160,5/14/2018,52:17.7,Joshi Snacks Centre
67.67,6682160,5/14/2018,40:52.6,M. D. B. Tea & Snacks
32.94,6682162,5/14/2018,20:57.4,MDB Tea & Snacks
50.54,6682160,5/15/2018,13:32.6,M. D. B. Tea & Snacks
33,7352161,5/15/2018,09:12.4,Sai Samarth
38.45,6682160,5/15/2018,59:30.3,M. D. B. Tea & Snacks
25.27,6682160,5/16/2018,30:48.4,M. D. B. Tea & Snacks
27.84,7352161,5/16/2018,19:06.8,Sai Samarth
60,7352161,5/16/2018,26:37.0,Sai Samarth
24.46,6692160,5/17/2018,15:26.2,Quality Sandwich
49.46,6682162,5/16/2018,00:14.6,MDB Tea & Snacks
24.47,6672160,5/18/2018,08:22.3,Joshi Snacks Centre
50.54,6682160,5/18/2018,14:24.7,M. D. B. Tea & Snacks
55.58,6682160,5/18/2018,58:21.9,M. D. B. Tea & Snacks
25.27,6682160,5/18/2018,43:17.9,M. D. B. Tea & Snacks
33,7352161,5/18/2018,48:43.5,Sai Samarth
48.93,6692160,5/21/2018,13:52.7,Quality Sandwich
40,6772160,5/21/2018,16:32.6,SwamiRaj Icecream & Snacks
32.94,6702160,5/21/2018,29:41.4,Jogeshwari Juice Centre
9.79,6682160,5/21/2018,22:43.2,M. D. B. Tea & Snacks
65.88,6702160,5/22/2018,28:58.3,Jogeshwari Juice Centre
16.7,7352161,5/23/2018,26:57.2,Sai Samarth
81.12,6682160,5/24/2018,36:45.8,M. D. B. Tea & Snacks
50.54,6682160,5/25/2018,43:34.0,M. D. B. Tea & Snacks
24.46,6692160,5/25/2018,33:29.5,Quality Sandwich
39.76,6672160,5/25/2018,35:46.9,Joshi Snacks Centre
65.88,6702160,5/29/2018,44:28.9,Jogeshwari Juice Centre
38.45,6682160,5/30/2018,38:31.4,M. D. B. Tea & Snacks
60,7352161,5/31/2018,02:00.2,Sai Samarth
15,6772160,5/31/2018,18:49.8,SwamiRaj Icecream & Snacks
13.18,6682160,5/31/2018,43:34.4,M. D. B. Tea & Snacks
36.69,6682162,5/31/2018,24:34.4,MDB Tea & Snacks
13.18,6682160,6/1/2018,11:54.7,M. D. B. Tea & Snacks
85.63,6722160,6/4/2018,29:01.3,Amar Paratha
15,6772160,6/4/2018,48:59.5,SwamiRaj Icecream & Snacks
25.27,6682160,6/4/2018,41:49.6,M. D. B. Tea & Snacks
15.29,6672160,6/4/2018,40:18.8,Joshi Snacks Centre
13.18,6682160,6/4/2018,52:52.0,M. D. B. Tea & Snacks
32.94,6702160,6/5/2018,51:13.7,Jogeshwari Juice Centre
19.58,6682162,6/5/2018,46:03.3,MDB Tea & Snacks
57.02,6682162,6/6/2018,51:36.2,MDB Tea & Snacks
32.94,6702160,6/6/2018,15:20.2,Jogeshwari Juice Centre
45.26,6702160,6/6/2018,25:13.7,Jogeshwari Juice Centre
25.27,6682160,6/6/2018,38:53.7,M. D. B. Tea & Snacks
20,6772160,6/6/2018,42:15.5,SwamiRaj Icecream & Snacks
9.79,6682160,6/7/2018,23:49.1,M. D. B. Tea & Snacks
20,6702160,6/7/2018,25:08.2,Jogeshwari Juice Centre
25.27,6682162,6/7/2018,53:09.3,MDB Tea & Snacks
133.4,7352161,6/8/2018,23:39.1,Sai Samarth
38.45,6682160,6/8/2018,55:44.0,M. D. B. Tea & Snacks
13.18,6682160,6/11/2018,40:33.8,M. D. B. Tea & Snacks
15,6772160,6/11/2018,48:55.0,SwamiRaj Icecream & Snacks
26.36,6682160,6/12/2018,09:07.2,M. D. B. Tea & Snacks
27,6772160,6/12/2018,10:50.0,SwamiRaj Icecream & Snacks
60,7352161,6/12/2018,34:26.6,Sai Samarth
12.23,7352161,6/12/2018,34:33.6,Sai Samarth
25.27,6682160,6/12/2018,16:45.9,M. D. B. Tea & Snacks
50.54,6682162,6/12/2018,06:35.2,MDB Tea & Snacks
74.23,6952160,6/13/2018,03:19.0,Pune Special
20,6772160,6/13/2018,18:47.8,SwamiRaj Icecream & Snacks
50,6772160,6/13/2018,19:13.8,SwamiRaj Icecream & Snacks
50.54,6682160,6/13/2018,11:17.1,M. D. B. Tea & Snacks
19.58,6682160,6/14/2018,13:35.3,M. D. B. Tea & Snacks
48.24,6682160,6/14/2018,21:43.4,M. D. B. Tea & Snacks
25.27,6682162,6/14/2018,19:08.9,MDB Tea & Snacks
38.45,6682160,6/18/2018,28:50.4,M. D. B. Tea & Snacks
24.47,6672160,6/18/2018,22:46.7,Joshi Snacks Centre
22.97,6682160,6/18/2018,03:52.2,M. D. B. Tea & Snacks
5,6772160,6/18/2018,06:14.4,SwamiRaj Icecream & Snacks
40,6772160,6/18/2018,14:13.3,SwamiRaj Icecream & Snacks
9.79,6672160,6/18/2018,15:38.6,Joshi Snacks Centre
25.27,6682162,6/19/2018,36:17.7,MDB Tea & Snacks
24.47,6672160,6/19/2018,18:59.9,Joshi Snacks Centre
9.79,6672160,6/19/2018,42:31.0,Joshi Snacks Centre
13.18,6672160,6/19/2018,52:31.4,Joshi Snacks Centre
12.23,6682160,6/19/2018,40:44.2,M. D. B. Tea & Snacks
73.4,7352161,6/20/2018,32:11.5,Sai Samarth
30,6772160,6/20/2018,48:56.3,SwamiRaj Icecream & Snacks
26.36,6682160,6/20/2018,40:02.9,M. D. B. Tea & Snacks
19.58,6682162,6/21/2018,25:00.1,MDB Tea & Snacks
9.79,6672160,6/21/2018,44:15.0,Joshi Snacks Centre
26.36,6682160,6/22/2018,09:21.5,M. D. B. Tea & Snacks
24.47,6672160,6/25/2018,26:27.9,Joshi Snacks Centre
25.27,6682160,6/25/2018,35:05.6,M. D. B. Tea & Snacks
25.27,6682162,6/26/2018,36:29.1,MDB Tea & Snacks
73.4,7352161,6/26/2018,49:47.1,Sai Samarth
48.33,6672160,6/26/2018,15:39.2,Joshi Snacks Centre
13.46,6672160,6/26/2018,19:48.9,Joshi Snacks Centre
13.18,6682160,6/26/2018,08:59.4,M. D. B. Tea & Snacks
13.18,6682160,6/26/2018,10:32.6,M. D. B. Tea & Snacks
12.23,6682160,6/27/2018,05:25.4,M. D. B. Tea & Snacks
9.79,6682160,6/27/2018,19:53.5,M. D. B. Tea & Snacks
73.4,7352161,6/27/2018,47:24.7,Sai Samarth
25,6772160,6/27/2018,09:58.4,SwamiRaj Icecream & Snacks
20,6772160,6/27/2018,54:18.3,SwamiRaj Icecream & Snacks
9.79,6682160,6/27/2018,54:36.4,M. D. B. Tea & Snacks
48.93,6692160,6/27/2018,44:22.3,Quality Sandwich
9.79,6682160,6/27/2018,55:54.5,M. D. B. Tea & Snacks
13.18,6682160,6/27/2018,37:43.2,M. D. B. Tea & Snacks
24.46,6692160,6/28/2018,23:49.6,Quality Sandwich
37.65,6672160,6/28/2018,07:56.9,Joshi Snacks Centre
38.45,6682160,6/28/2018,29:23.2,M. D. B. Tea & Snacks
25.27,6682160,6/29/2018,03:08.6,M. D. B. Tea & Snacks
24.47,6672160,6/29/2018,54:20.4,Joshi Snacks Centre
40,6772160,7/2/2018,50:21.2,SwamiRaj Icecream & Snacks
60,7352161,7/2/2018,33:23.3,Sai Samarth
13.18,6682160,7/2/2018,31:44.6,M. D. B. Tea & Snacks
9.79,6682160,7/2/2018,45:52.9,M. D. B. Tea & Snacks
25.27,6682160,7/3/2018,39:00.5,M. D. B. Tea & Snacks
24.47,6672160,7/3/2018,31:00.9,Joshi Snacks Centre
30.58,6702160,7/2/2018,38:09.0,Jogeshwari Juice Centre
9.79,6672160,7/2/2018,34:24.7,Joshi Snacks Centre
13.46,6672160,7/2/2018,28:29.9,Joshi Snacks Centre
85.63,6722160,7/3/2018,40:21.6,Amar Paratha
25,6772160,7/3/2018,56:24.6,SwamiRaj Icecream & Snacks
19.58,6672160,7/3/2018,30:58.3,Joshi Snacks Centre
13.18,6682160,7/3/2018,53:02.7,M. D. B. Tea & Snacks
13.18,6682160,7/4/2018,31:40.9,M. D. B. Tea & Snacks
43.76,6682160,7/5/2018,35:23.7,M. D. B. Tea & Snacks
211.68,6672160,7/5/2018,36:30.7,Joshi Snacks Centre
48.95,6672160,7/5/2018,36:54.9,Joshi Snacks Centre
9.79,6672160,7/5/2018,47:02.0,Joshi Snacks Centre
60,6952160,7/6/2018,47:48.1,Pune Special
73.4,7352161,7/6/2018,50:37.6,Sai Samarth
19.58,6682160,7/6/2018,12:43.8,M. D. B. Tea & Snacks
13.18,6682160,7/6/2018,18:35.6,M. D. B. Tea & Snacks
24.47,6672160,7/9/2018,20:49.6,Joshi Snacks Centre
40,6952160,7/9/2018,10:47.3,Pune Special
32.94,6702160,7/9/2018,29:05.4,Jogeshwari Juice Centre
13.18,6682162,7/9/2018,00:54.5,MDB Tea & Snacks
13.18,6682160,7/10/2018,34:17.5,M. D. B. Tea & Snacks
40,6952160,7/10/2018,19:09.7,Pune Special
56.94,6682160,7/10/2018,02:36.8,M. D. B. Tea & Snacks
43.76,6682160,7/10/2018,37:07.5,M. D. B. Tea & Snacks
40,6772160,7/11/2018,16:08.9,SwamiRaj Icecream & Snacks
15,6772160,7/11/2018,00:34.7,SwamiRaj Icecream & Snacks
40,6772160,7/11/2018,11:25.8,SwamiRaj Icecream & Snacks
26.36,6682160,7/11/2018,53:04.2,M. D. B. Tea & Snacks
13.18,6682160,7/12/2018,43:59.2,M. D. B. Tea & Snacks
25,6772160,7/12/2018,31:18.7,SwamiRaj Icecream & Snacks
5,6772160,7/12/2018,24:00.3,SwamiRaj Icecream & Snacks
42.4,6682160,7/12/2018,25:02.8,M. D. B. Tea & Snacks
13.18,6682160,7/13/2018,16:10.5,M. D. B. Tea & Snacks
27.84,7352161,7/16/2018,35:53.3,Sai Samarth
60,7352161,7/16/2018,21:51.8,Sai Samarth
25,6772160,7/16/2018,42:14.6,SwamiRaj Icecream & Snacks
13.18,6682160,7/16/2018,14:39.1,M. D. B. Tea & Snacks
13.18,6682160,7/16/2018,15:00.7,M. D. B. Tea & Snacks
53,6762160,6/20/2017,53:48.8,BK Caters
28,6702160,6/20/2017,10:09.5,Jogeshwari Juice Centre
23,6682160,6/19/2017,56:41.9,M. D. B. Tea & Snacks
53,6762160,6/19/2017,55:43.8,BK Caters
5,6772160,6/19/2017,24:43.2,SwamiRaj Icecream & Snacks
12,6682160,6/19/2017,20:56.6,M. D. B. Tea & Snacks
47,6692160,6/19/2017,20:48.3,Quality Sandwich
24,6682160,6/16/2017,30:29.4,M. D. B. Tea & Snacks
12,6682160,6/16/2017,42:28.1,M. D. B. Tea & Snacks
29,6712161,6/16/2017,28:50.8,Om Sai Snacks & Juice
70,6742161,6/16/2017,27:45.9,Yogi Hospitality
12,6682160,6/16/2017,56:20.0,M. D. B. Tea & Snacks
12,6682160,6/16/2017,36:25.7,M. D. B. Tea & Snacks
12,6682160,6/15/2017,17:12.9,M. D. B. Tea & Snacks
59,6732162,6/15/2017,54:37.0,AJ Snacks
12,6682160,6/15/2017,39:56.7,M. D. B. Tea & Snacks
23,6822160,6/15/2017,30:45.1,Sai Snacks Centre
12,6682160,6/14/2017,37:37.1,M. D. B. Tea & Snacks
34,6692160,6/14/2017,37:00.2,Quality Sandwich
35,6682160,6/14/2017,04:35.1,M. D. B. Tea & Snacks
70,6742161,6/14/2017,23:16.1,Yogi Hospitality
23,6682160,6/14/2017,16:52.3,M. D. B. Tea & Snacks
47,6692160,6/14/2017,01:35.4,Quality Sandwich
23,6822160,6/14/2017,58:46.3,Sai Snacks Centre
8,6682160,6/13/2017,36:23.2,M. D. B. Tea & Snacks
23,6682160,6/13/2017,46:51.2,M. D. B. Tea & Snacks
53,6762160,6/13/2017,00:31.8,BK Caters
12,6682160,6/13/2017,43:24.6,M. D. B. Tea & Snacks
35,6682162,6/12/2017,13:34.1,MDB Tea & Snacks
47,6692160,6/12/2017,58:43.7,Quality Sandwich
23,6682160,6/12/2017,22:39.7,M. D. B. Tea & Snacks
70,6762162,6/12/2017,34:21.6,BK Caters
50,6702160,6/12/2017,44:11.8,Jogeshwari Juice Centre
12,6672160,6/9/2017,19:48.6,Joshi Snacks Centre
12,6682160,6/9/2017,14:40.4,M. D. B. Tea & Snacks
70,6762160,6/9/2017,58:46.7,BK Caters
23,6682160,6/9/2017,20:41.7,M. D. B. Tea & Snacks
11,6672160,6/9/2017,09:04.1,Joshi Snacks Centre
23,6672160,6/8/2017,56:44.2,Joshi Snacks Centre
24,6682160,6/8/2017,11:59.4,M. D. B. Tea & Snacks
70,6762160,6/8/2017,43:46.8,BK Caters
22,6692160,6/8/2017,43:43.3,Quality Sandwich
23,6682160,6/8/2017,43:30.4,M. D. B. Tea & Snacks
24,6682160,6/7/2017,12:28.8,M. D. B. Tea & Snacks
12,6682160,6/7/2017,40:10.8,M. D. B. Tea & Snacks
25,6772160,6/7/2017,39:17.4,SwamiRaj Icecream & Snacks
70,6742160,6/7/2017,37:21.8,Yogi Hospitality
12,6682160,6/5/2017,35:15.7,M. D. B. Tea & Snacks
23,6682160,6/5/2017,35:46.2,M. D. B. Tea & Snacks
53,6762160,6/5/2017,21:33.4,BK Caters
23,6682160,6/5/2017,42:42.0,M. D. B. Tea & Snacks
18,6672160,6/2/2017,58:37.6,Joshi Snacks Centre
12,6672160,6/2/2017,55:54.4,Joshi Snacks Centre
70,6762160,6/2/2017,40:12.2,BK Caters
8,6672160,6/2/2017,10:04.4,Joshi Snacks Centre
17,6672160,6/2/2017,09:45.0,Joshi Snacks Centre
23,6682160,6/2/2017,07:27.8,M. D. B. Tea & Snacks
12,6682162,6/1/2017,22:00.9,MDB Tea & Snacks
59,6732162,6/1/2017,15:21.1,AJ Snacks
28,6702160,6/1/2017,53:41.5,Jogeshwari Juice Centre
70,6762160,6/1/2017,29:06.4,BK Caters
28,6702160,6/1/2017,07:53.9,Jogeshwari Juice Centre
23,6822160,6/1/2017,04:00.5,Sai Snacks Centre
47,6692160,5/31/2017,26:53.9,Quality Sandwich
24,6682160,5/31/2017,00:21.0,M. D. B. Tea & Snacks
8,6682160,5/31/2017,15:08.5,M. D. B. Tea & Snacks
70,6742160,5/31/2017,00:44.4,Yogi Hospitality
23,6682160,5/31/2017,51:13.8,M. D. B. Tea & Snacks
35,6712161,5/31/2017,38:43.2,Om Sai Snacks & Juice
46,6712161,5/31/2017,38:11.9,Om Sai Snacks & Juice
22,6692160,5/30/2017,22:06.5,Quality Sandwich
23,6682160,5/30/2017,17:23.8,M. D. B. Tea & Snacks
12,6682160,5/30/2017,00:17.9,M. D. B. Tea & Snacks
16,6682160,5/30/2017,00:45.1,M. D. B. Tea & Snacks
53,6762160,5/30/2017,07:41.3,BK Caters
12,6682160,5/29/2017,15:50.4,M. D. B. Tea & Snacks
59,6732162,5/29/2017,33:50.3,AJ Snacks
50,6702160,5/29/2017,55:03.5,Jogeshwari Juice Centre
23,6682160,5/29/2017,52:50.0,M. D. B. Tea & Snacks
69,6692160,5/29/2017,52:35.4,Quality Sandwich
70,6742160,5/26/2017,59:33.6,Yogi Hospitality
29,6682160,5/26/2017,15:45.2,M. D. B. Tea & Snacks
12,6682160,5/26/2017,13:23.9,M. D. B. Tea & Snacks
12,6682160,5/25/2017,26:57.5,M. D. B. Tea & Snacks
22,6802160,5/25/2017,16:27.5,SS Hospitality
16,6682160,5/25/2017,08:10.7,M. D. B. Tea & Snacks
53,6762162,5/25/2017,26:04.2,BK Caters
12,6682160,5/25/2017,21:56.5,M. D. B. Tea & Snacks
23,6802160,5/25/2017,04:31.7,SS Hospitality
34,6802160,5/25/2017,04:24.8,SS Hospitality
22,6702160,5/24/2017,10:33.3,Jogeshwari Juice Centre
23,6682160,5/24/2017,59:08.3,M. D. B. Tea & Snacks
20,6682162,5/23/2017,07:57.2,MDB Tea & Snacks
47,6732162,5/23/2017,07:03.8,AJ Snacks
53,6762160,5/23/2017,09:54.9,BK Caters
53,6762160,5/23/2017,05:30.6,BK Caters
53,6762160,5/23/2017,05:22.6,BK Caters
22,6702160,5/23/2017,57:35.4,Jogeshwari Juice Centre
23,6822160,5/23/2017,49:15.1,Sai Snacks Centre
24,6682160,5/22/2017,29:40.7,M. D. B. Tea & Snacks
53,6762160,5/22/2017,57:41.6,BK Caters
29,6682160,5/22/2017,42:42.3,M. D. B. Tea & Snacks
29,6682160,5/18/2017,16:33.3,M. D. B. Tea & Snacks
28,6702160,5/18/2017,49:21.2,Jogeshwari Juice Centre
23,6822160,5/18/2017,34:04.4,Sai Snacks Centre
12,6682160,5/17/2017,01:00.0,M. D. B. Tea & Snacks
22,6692160,5/17/2017,57:10.9,Quality Sandwich
12,6682160,5/17/2017,28:00.9,M. D. B. Tea & Snacks
58,6722160,5/17/2017,50:07.5,Amar Paratha
12,6682160,5/17/2017,00:09.5,M. D. B. Tea & Snacks
26,6692160,5/17/2017,51:14.2,Quality Sandwich
12,6682160,5/16/2017,49:03.9,M. D. B. Tea & Snacks
53,6762160,5/16/2017,22:32.7,BK Caters
50,6702160,5/16/2017,07:03.6,Jogeshwari Juice Centre
62,6692160,5/15/2017,40:43.9,Quality Sandwich
44,6702161,5/15/2017,25:59.2,Jogeshwari Juice Centre
46,6682160,5/15/2017,50:24.6,M. D. B. Tea & Snacks
14,6822160,5/15/2017,35:30.4,Sai Snacks Centre
22,6802160,5/12/2017,10:28.7,SS Hospitality
12,6682160,5/12/2017,51:53.3,M. D. B. Tea & Snacks
11,6702160,5/12/2017,19:36.1,Jogeshwari Juice Centre
11,6702160,5/12/2017,17:52.8,Jogeshwari Juice Centre
70,6742160,5/12/2017,54:07.7,Yogi Hospitality
22,6692160,5/12/2017,39:27.9,Quality Sandwich
23,6682160,5/12/2017,39:03.2,M. D. B. Tea & Snacks
8,6682160,5/11/2017,09:17.6,M. D. B. Tea & Snacks
20,6682160,5/11/2017,19:01.3,M. D. B. Tea & Snacks
59,6762160,5/11/2017,14:22.8,BK Caters
12,6682160,5/11/2017,14:39.2,M. D. B. Tea & Snacks
23,6682160,5/11/2017,43:16.7,M. D. B. Tea & Snacks
47,6692160,5/11/2017,41:04.5,Quality Sandwich
20,6672160,5/10/2017,35:01.3,Joshi Snacks Centre
20,6672160,5/10/2017,33:50.8,Joshi Snacks Centre
46,6682160,5/10/2017,04:41.9,M. D. B. Tea & Snacks
70,6762160,5/10/2017,23:30.5,BK Caters
28,6702160,5/10/2017,45:17.3,Jogeshwari Juice Centre
28,6702160,5/9/2017,59:51.9,Jogeshwari Juice Centre
29,6692160,5/9/2017,59:17.8,Quality Sandwich
12,6682160,5/9/2017,42:17.2,M. D. B. Tea & Snacks
12,6682160,5/9/2017,34:09.8,M. D. B. Tea & Snacks
46,6722160,5/9/2017,50:27.0,Amar Paratha
12,6682160,5/9/2017,52:23.3,M. D. B. Tea & Snacks
14,6822160,5/9/2017,40:45.6,Sai Snacks Centre
12,6682160,5/8/2017,57:20.3,M. D. B. Tea & Snacks
22,6692160,5/8/2017,52:14.3,Quality Sandwich
53,6762160,5/8/2017,41:19.6,BK Caters
22,6692160,5/8/2017,36:59.1,Quality Sandwich
28,6702160,5/8/2017,33:42.4,Jogeshwari Juice Centre
47,6692160,5/5/2017,07:09.4,Quality Sandwich
12,6682160,5/5/2017,03:49.8,M. D. B. Tea & Snacks
53,6742160,5/5/2017,29:07.9,Yogi Hospitality
56,6702161,5/5/2017,25:24.8,Jogeshwari Juice Centre
36,6802160,5/5/2017,43:53.7,SS Hospitality
28,6702160,5/3/2017,32:13.2,Jogeshwari Juice Centre
70,6762160,5/3/2017,02:28.4,BK Caters
28,6702160,5/3/2017,34:49.0,Jogeshwari Juice Centre
47,6692160,5/3/2017,33:24.9,Quality Sandwich
53,6762160,5/2/2017,09:10.8,BK Caters
23,6822160,5/2/2017,19:47.5,Sai Snacks Centre
44,6692160,5/2/2017,05:58.6,Quality Sandwich
23,6682160,5/2/2017,05:11.3,M. D. B. Tea & Snacks
28,6702160,4/28/2017,44:10.3,Jogeshwari Juice Centre
70,6762160,4/28/2017,26:44.6,BK Caters
94,6692160,4/28/2017,17:04.9,Quality Sandwich
34,6802160,5/1/2017,17:58.0,SS Hospitality
59,6732162,4/27/2017,50:04.7,AJ Snacks
44,6822160,4/27/2017,29:01.5,Sai Snacks Centre
12,6682160,4/26/2017,14:37.5,M. D. B. Tea & Snacks
22,6692160,4/26/2017,13:30.4,Quality Sandwich
34,6802160,4/29/2017,39:38.4,SS Hospitality
37,6802160,4/29/2017,35:57.7,SS Hospitality
69,6692160,4/25/2017,56:08.3,Quality Sandwich
20,6772160,4/25/2017,52:11.5,SwamiRaj Icecream & Snacks
53,6762160,4/25/2017,51:22.6,BK Caters
12,6682160,4/25/2017,27:15.6,M. D. B. Tea & Snacks
22,6692160,4/25/2017,25:50.1,Quality Sandwich
35,6682160,4/24/2017,04:50.5,M. D. B. Tea & Snacks
23,6682160,4/24/2017,18:23.6,M. D. B. Tea & Snacks
70,6762160,4/24/2017,04:53.6,BK Caters
12,6682160,4/24/2017,30:00.9,M. D. B. Tea & Snacks
83,6692160,4/24/2017,29:42.0,Quality Sandwich
12,6682160,4/21/2017,51:13.3,M. D. B. Tea & Snacks
70,6762160,4/21/2017,02:44.6,BK Caters
90,6772160,4/21/2017,29:42.9,SwamiRaj Icecream & Snacks
47,6692160,4/21/2017,45:11.2,Quality Sandwich
12,6682160,4/21/2017,43:39.2,M. D. B. Tea & Snacks
47,6692160,4/20/2017,11:05.9,Quality Sandwich
23,6682160,4/20/2017,09:51.7,M. D. B. Tea & Snacks
28,6702160,4/20/2017,52:00.9,Jogeshwari Juice Centre
70,6762160,4/20/2017,55:01.4,BK Caters
28,6702160,4/20/2017,21:41.5,Jogeshwari Juice Centre
83,6692160,4/20/2017,20:12.3,Quality Sandwich
23,6672160,4/19/2017,37:34.4,Joshi Snacks Centre
28,6702160,4/19/2017,51:19.2,Jogeshwari Juice Centre
23,6722160,4/19/2017,57:51.4,Amar Paratha
42,6772160,4/18/2017,24:49.4,SwamiRaj Icecream & Snacks
12,6682160,4/18/2017,17:35.6,M. D. B. Tea & Snacks
53,6762160,4/18/2017,33:18.4,BK Caters
28,6702160,4/18/2017,33:23.6,Jogeshwari Juice Centre
55,6802160,4/21/2017,21:14.6,SS Hospitality
106,6762160,4/17/2017,41:28.5,BK Caters
106,6762160,4/17/2017,39:38.2,BK Caters
23,6822160,4/17/2017,43:51.7,Sai Snacks Centre
25,6672160,4/17/2017,44:01.7,Joshi Snacks Centre
12,6682160,4/14/2017,08:35.5,M. D. B. Tea & Snacks
46.8,6802160,4/16/2017,17:32.6,SS Hospitality
29.25,6682160,4/13/2017,13:40.8,M. D. B. Tea & Snacks
52.65,6762160,4/13/2017,23:43.8,BK Caters
23.4,6822160,4/13/2017,37:42.1,Sai Snacks Centre
27.5,6702160,4/13/2017,36:22.2,Jogeshwari Juice Centre
23.4,6822160,4/13/2017,33:37.5,Sai Snacks Centre
76.05,6692160,4/11/2017,46:38.2,Quality Sandwich
11.7,6682160,4/11/2017,35:05.4,M. D. B. Tea & Snacks
27.5,6702160,4/11/2017,34:55.6,Jogeshwari Juice Centre
52.65,6762160,4/11/2017,40:59.2,BK Caters
33,6702160,4/11/2017,20:50.5,Jogeshwari Juice Centre
23.4,6822160,4/11/2017,18:20.4,Sai Snacks Centre
46.8,6692160,4/10/2017,37:05.4,Quality Sandwich
